Parc de voitures par vignette Crit'air et énergie au 01/01/2020;;;;;;;;;;;;;;;;
Région : Provence-Alpes-Côte d Azur;;;;;;;;;;;;;;;;
Source : SDES, RSVERO;;;;;;;;;;;;;;;;
;;;;;;;;;;;;;;;;
;;;Crit'Air 1;;;Crit'Air 2;;Crit'Air 3;;"Crit'Air
4";"Crit'Air
5";Electriques;Non classés;;;Total
;;;Essence;Gaz;"Hybride
rechargeable";Diesel;Essence;Diesel;Essence;Diesel;Diesel;"Electrique
et
Hydrogène";"Autres
énergies";Diesel;Essence;
Alpes-de-Haute-Provence;04001;Aiglun;175;3;1;290;57;174;75;91;26;0;0;14;38;945
;04004;Allemagne-en-Provence;45;3;0;97;24;64;26;49;25;0;0;14;25;373
;04005;Allons;13;0;0;8;3;12;10;7;1;0;0;4;6;66
;04006;Allos;79;0;2;124;32;60;39;28;17;1;0;6;15;404
;04007;Angles;13;0;0;8;0;5;4;5;1;0;0;2;2;40
;04008;Annot;85;1;1;147;55;112;69;60;18;0;0;13;30;589
;04012;Aubenas-les-Alpes;7;0;0;15;3;8;8;10;3;0;0;5;7;67
;04013;Aubignosc;69;0;0;128;23;73;33;47;17;2;0;7;14;414
;04016;Authon;6;0;1;6;1;8;3;5;1;0;0;3;1;35
;04017;Auzet;9;0;0;21;3;10;6;10;1;0;0;3;6;70
;04018;Banon;75;2;1;171;29;105;49;79;32;1;1;26;37;609
;04019;Barcelonnette;310;8;2;372;142;308;203;179;36;2;1;27;72;1663
;04020;Barles;9;1;0;16;4;15;0;8;3;0;0;6;3;65
;04021;Barras;9;2;0;20;7;18;9;11;5;0;0;4;1;87
;04022;Barrême;39;1;0;63;13;46;33;28;11;1;0;12;17;264
;04023;Bayons;12;0;0;29;13;19;9;22;3;1;0;5;9;122
;04024;Beaujeu;13;1;0;17;4;16;9;7;4;0;0;1;6;78
;04025;Beauvezer;51;2;1;57;28;51;33;30;10;0;1;6;17;286
;04026;Bellaffaire;15;1;0;30;7;10;16;9;3;0;0;3;6;101
;04027;Bevons;27;3;0;37;16;26;14;20;3;0;1;7;15;169
;04028;Beynes;11;0;0;17;3;21;10;10;6;0;1;7;6;92
;04030;Blieux;3;0;0;8;2;4;2;2;3;0;1;3;6;35
;04031;Bras-d'Asse;57;4;1;90;20;72;37;60;21;2;0;13;17;393
;04032;Braux;17;0;0;22;5;14;10;8;2;0;0;4;8;92
;04033;Ubaye-Serre-Ponçon;65;1;1;132;24;100;33;64;22;2;0;8;18;470
;04034;La Brillanne;80;0;2;168;37;135;68;87;22;1;0;14;35;650
;04035;Brunet;23;1;1;45;10;34;12;28;6;0;0;11;10;181
;04036;Le Brusquet;112;0;1;206;35;140;58;79;21;4;0;11;24;690
;04037;Le Caire;8;1;0;9;3;7;3;8;2;0;0;0;2;43
;04039;Castellane;155;6;0;202;66;153;131;115;41;3;0;35;44;950
;04040;Le Castellard-Mélan;3;1;0;9;2;7;6;9;1;0;0;1;3;42
;04041;Le Castellet;23;0;0;52;13;31;10;18;4;1;1;8;7;170
;04042;Castellet-lès-Sausses;16;0;0;15;5;13;6;14;5;0;0;1;9;84
;04043;Val-de-Chalvagne;5;0;0;10;0;7;9;8;3;0;0;0;6;48
;04045;Céreste;136;0;3;194;41;152;71;91;35;4;0;30;23;780
;04046;Le Chaffaut-Saint-Jurson;59;2;1;131;23;92;44;67;17;3;0;17;29;485
;04047;Champtercier;88;0;0;160;43;84;64;50;16;2;0;12;16;535
;04049;Château-Arnoux-Saint-Auban;546;13;4;831;226;724;324;443;120;5;0;74;125;3434
;04050;Châteaufort;4;0;0;3;2;2;2;5;0;0;0;1;1;20
;04051;Châteauneuf-Miravail;4;1;0;17;2;5;4;7;0;0;0;1;4;45
;04053;Châteauneuf-Val-Saint-Donat;75;4;0;90;18;71;25;43;17;1;0;11;19;374
;04054;Châteauredon;6;3;0;15;2;11;4;6;2;0;0;2;9;61
;04055;Chaudon-Norante;13;0;0;32;5;20;6;9;5;0;0;3;6;99
;04057;Clamensane;12;1;0;27;6;24;11;10;2;0;0;0;7;102
;04058;Claret;21;2;0;45;6;29;11;24;8;1;0;10;7;165
;04059;Clumanc;25;3;0;46;3;23;10;13;13;0;0;12;8;157
;04061;Colmars;43;1;0;75;19;45;26;30;6;1;0;7;17;270
;04062;La Condamine-Châtelard;24;2;0;26;13;21;15;13;3;0;0;1;2;121
;04063;Corbières-en-Provence;165;3;2;204;52;138;52;73;31;1;0;19;26;767
;04065;Cruis;80;7;1;108;32;88;35;47;19;1;0;22;18;457
;04066;Curbans;55;2;0;109;23;66;30;48;15;0;0;4;16;368
;04067;Curel;5;1;0;2;2;6;3;4;3;0;0;3;2;31
;04068;Dauphin;114;0;1;144;32;121;62;66;11;0;0;11;38;600
;04069;Demandolx;9;0;0;22;6;9;6;8;3;0;0;0;4;67
;04070;Digne-les-Bains;2278;48;10;2678;771;1792;1036;1064;273;46;1;150;359;10507
;04072;Draix;9;0;0;20;4;13;5;10;7;0;0;0;4;73
;04073;Enchastrayes;66;4;0;82;32;58;38;37;8;0;0;6;24;355
;04074;Entrages;2;0;0;16;3;15;4;8;2;0;0;2;4;57
;04075;Entrepierres;41;2;1;53;19;51;35;30;10;2;0;14;13;270
;04076;Entrevaux;80;1;0;116;29;83;55;51;18;2;0;19;31;484
;04077;Entrevennes;13;2;0;19;6;31;6;16;8;0;0;8;2;111
;04079;L'Escale;163;3;1;267;41;201;82;115;29;1;0;25;35;963
;04081;Esparron-de-Verdon;61;1;2;75;13;42;26;36;14;1;0;11;19;302
;04084;Estoublon;56;3;2;85;24;53;27;53;17;2;0;14;21;357
;04085;Faucon-du-Caire;2;0;0;5;1;4;3;2;0;0;0;1;2;21
;04086;Faucon-de-Barcelonnette;32;1;0;63;15;25;25;16;4;0;0;2;6;189
;04087;Fontienne;29;0;0;27;8;12;10;6;6;0;0;5;5;108
;04088;Forcalquier;617;15;1;695;226;550;360;369;112;9;1;58;127;3141
;04090;Le Fugeret;21;0;0;25;7;19;19;21;5;0;0;8;11;136
;04091;Ganagobie;13;0;0;12;2;8;2;4;3;0;0;2;2;49
;04092;La Garde;5;0;0;13;7;10;2;8;3;0;0;1;2;52
;04093;Gigors;1;0;0;3;6;5;3;4;3;0;0;0;0;25
;04094;Gréoux-les-Bains;476;7;3;544;124;391;187;204;40;8;1;21;63;2070
;04095;L'Hospitalet;14;0;0;21;3;12;3;12;2;0;0;2;0;70
;04096;Jausiers;132;5;0;167;50;124;67;79;22;1;0;20;30;698
;04097;La Javie;47;0;0;64;12;45;30;31;6;2;0;4;14;256
;04099;Lambruisse;6;0;0;26;2;16;2;10;4;0;0;3;1;70
;04101;Lardiers;18;0;0;18;8;19;7;13;3;0;0;1;5;93
;04102;Le Lauzet-Ubaye;19;0;0;34;7;28;18;20;6;0;0;7;8;148
;04104;Limans;21;1;0;37;8;44;21;33;10;0;0;22;10;207
;04106;Lurs;50;3;1;65;11;41;32;35;10;0;0;18;15;282
;04107;Majastres;0;0;0;0;0;1;0;3;0;0;0;0;0;4
;04108;Malijai;180;9;2;324;49;259;97;175;57;2;0;30;42;1225
;04109;Mallefougasse-Augès;51;3;0;64;15;39;14;30;13;0;0;15;16;261
;04110;Mallemoisson;120;2;0;231;36;158;64;90;21;1;0;13;37;772
;04111;Mane;137;2;1;194;51;170;108;105;32;2;2;21;61;887
;04112;Manosque;3427;51;28;4587;997;2450;1272;1416;336;77;3;204;388;15234
;04113;Marcoux;68;1;0;88;20;59;23;39;12;1;0;4;13;328
;04115;Méailles;9;0;0;19;5;7;14;10;5;0;0;7;12;89
;04116;Les Mées;377;23;3;634;127;489;183;336;103;9;0;65;91;2442
;04118;Melve;12;1;1;16;7;14;6;10;4;0;0;4;4;79
;04120;Val d'Oronaye;8;1;0;16;2;13;6;10;2;0;0;1;0;59
;04121;Mézel;60;3;0;111;30;84;49;54;12;1;0;8;19;433
;04122;Mirabeau;49;2;0;108;20;85;38;39;11;1;1;17;18;390
;04123;Mison;93;2;3;240;31;142;65;105;32;2;1;20;34;769
;04124;Montagnac-Montpezat;72;2;0;98;13;57;24;36;9;1;0;13;20;345
;04126;Montclar;45;5;3;104;14;72;23;28;12;0;0;11;9;326
;04127;Montfort;31;1;1;53;19;42;25;28;15;0;0;11;7;233
;04128;Montfuron;23;1;0;35;8;25;6;19;5;0;0;5;1;129
;04129;Montjustin;4;0;0;13;1;6;8;5;2;0;0;3;3;45
;04130;Montlaux;18;1;0;23;4;30;9;24;9;1;0;2;3;125
;04132;Montsalier;16;0;0;33;7;17;10;8;7;0;0;3;6;107
;04133;Moriez;13;1;0;31;7;25;16;27;7;0;0;8;13;148
;04134;La Motte-du-Caire;54;0;1;95;14;61;27;42;15;0;0;14;8;331
;04135;Moustiers-Sainte-Marie;79;0;2;130;29;92;55;54;18;4;2;14;21;501
;04136;La Mure-Argens;53;3;0;72;20;30;20;26;11;0;0;7;19;262
;04137;Nibles;6;0;1;3;2;6;2;3;2;0;0;4;0;29
;04138;Niozelles;22;0;0;38;20;42;8;29;7;1;0;7;3;178
;04139;Noyers-sur-Jabron;43;2;0;107;16;56;32;60;17;0;0;18;13;366
;04140;Les Omergues;13;0;0;25;5;17;9;11;7;0;0;3;4;95
;04141;Ongles;47;0;0;60;16;44;21;33;13;0;0;12;16;264
;04142;Oppedette;6;0;1;5;0;3;4;4;1;0;0;1;4;30
;04143;Oraison;767;9;3;1073;220;647;310;413;86;11;1;57;152;3751
;04144;La Palud-sur-Verdon;29;1;0;39;4;36;28;33;11;0;0;6;20;207
;04145;Peipin;166;5;0;262;49;189;79;132;37;6;0;24;34;984
;04148;Peyroules;27;2;0;42;9;24;18;12;8;0;0;8;4;154
;04149;Peyruis;252;7;1;609;102;392;143;248;75;4;0;55;79;1967
;04150;Piégut;7;0;0;32;5;23;14;15;5;0;0;0;2;103
;04151;Pierrerue;64;4;0;82;27;74;33;41;14;1;0;7;17;365
;04152;Pierrevert;600;10;8;800;232;475;242;235;58;13;1;33;105;2810
;04154;Pontis;9;0;0;16;1;15;8;7;4;0;0;4;2;66
;04155;Prads-Haute-Bléone;15;1;0;37;10;19;6;12;2;0;0;3;12;117
;04156;Puimichel;23;2;0;38;6;39;16;30;10;1;0;4;5;175
;04157;Puimoisson;63;1;1;128;37;84;46;53;22;2;0;13;30;481
;04158;Quinson;46;0;0;52;18;49;33;41;6;1;0;10;18;273
;04159;Redortiers;9;0;0;13;4;8;2;4;2;0;0;3;3;49
;04160;Reillanne;173;4;2;245;72;210;105;150;51;4;0;37;36;1089
;04161;Méolans-Revel;28;1;0;45;12;49;27;36;14;0;0;12;14;238
;04162;Revest-des-Brousses;34;1;0;33;8;28;16;19;10;1;0;1;13;165
;04163;Revest-du-Bion;59;2;0;103;18;49;17;41;7;0;0;16;14;326
;04164;Revest-Saint-Martin;8;0;0;5;1;10;8;10;4;0;0;6;10;63
;04166;Riez;177;3;1;283;67;166;124;120;45;3;1;30;52;1073
;04167;La Robine-sur-Galabre;37;3;2;58;14;27;20;26;13;1;0;3;13;216
;04169;La Rochegiron;7;1;0;19;4;11;7;11;1;0;0;2;1;64
;04170;La Rochette;4;0;0;8;2;1;2;5;1;0;0;1;1;25
;04171;Rougon;4;0;0;11;5;8;14;7;5;0;0;1;2;58
;04172;Roumoules;92;2;0;115;34;69;51;62;30;0;0;13;21;490
;04173;Saint-André-les-Alpes;133;5;0;143;41;117;61;49;16;2;0;13;23;601
;04174;Saint-Benoît;13;0;0;28;5;15;14;12;2;0;0;2;5;96
;04175;Sainte-Croix-à-Lauze;7;0;0;15;1;8;14;5;3;0;0;5;8;66
;04176;Sainte-Croix-du-Verdon;20;0;0;17;8;22;9;7;6;1;0;4;10;104
;04177;Hautes-Duyes;4;1;0;5;0;5;1;1;6;0;0;1;1;25
;04178;Saint-Étienne-les-Orgues;145;10;0;212;65;143;81;93;35;0;1;32;55;872
;04179;Saint-Geniez;10;0;0;18;2;12;8;14;3;0;0;2;3;73
;04180;Saint-Jacques;1;0;0;8;1;5;2;4;1;0;0;1;1;24
;04181;Saint-Jeannet;5;0;0;14;0;10;3;6;5;1;0;2;1;48
;04182;Saint-Julien-d'Asse;20;2;0;37;7;24;13;23;7;1;0;1;5;140
;04183;Saint-Julien-du-Verdon;20;1;1;27;4;16;13;12;2;0;0;1;5;102
;04184;Saint-Jurs;10;0;0;27;1;22;14;22;3;0;1;6;8;114
;04186;Saint-Laurent-du-Verdon;17;1;0;11;0;8;3;8;2;0;0;1;6;57
;04187;Saint-Lions;4;0;0;8;4;2;1;5;0;0;0;1;0;26
;04188;Saint-Maime;81;4;0;131;34;120;50;88;23;1;0;18;30;580
;04189;Saint-Martin-de-Brômes;79;4;1;107;34;78;36;33;10;1;0;8;6;398
;04191;Saint-Martin-lès-Seyne;1;0;0;4;0;0;3;1;0;0;0;2;0;11
;04192;Saint-Michel-l'Observatoire;151;5;1;223;62;143;90;87;31;4;0;24;44;866
;04193;Saint-Paul-sur-Ubaye;25;0;0;32;7;23;15;20;6;0;1;7;8;144
;04194;Saint-Pierre;7;0;0;13;0;5;2;9;0;0;1;3;6;46
;04195;Saint-Pons;87;3;0;136;33;97;49;53;22;1;2;15;17;516
;04197;Sainte-Tulle;445;5;0;580;144;400;204;218;59;13;2;48;55;2174
;04199;Saint-Vincent-sur-Jabron;26;0;1;25;9;26;10;12;6;0;0;3;5;123
;04200;Salignac;73;2;0;133;15;74;33;61;18;3;0;11;13;436
;04201;Saumane;18;0;0;19;4;17;6;11;0;1;0;3;2;81
;04202;Sausses;10;0;0;16;4;14;8;10;3;0;0;1;6;72
;04203;Selonnet;48;0;1;76;17;46;24;42;22;0;1;6;20;303
;04204;Senez;10;1;0;24;7;11;12;17;4;0;1;5;6;99
;04205;Seyne;154;10;0;289;70;165;111;106;24;1;0;17;51;996
;04206;Sigonce;46;3;0;58;18;43;33;42;3;2;0;11;24;283
;04207;Sigoyer;4;0;0;20;2;16;3;10;2;1;0;4;5;67
;04208;Simiane-la-Rotonde;59;2;0;113;23;67;35;58;21;5;0;18;38;439
;04209;Sisteron;974;20;8;1337;280;868;437;522;142;14;2;89;173;4866
;04210;Soleilhas;9;0;0;13;6;12;5;11;2;0;0;2;5;66
;04211;Sourribes;17;0;0;28;8;24;16;16;4;0;0;3;3;119
;04214;Tartonne;13;1;0;28;2;19;2;10;3;0;0;1;7;86
;04216;Thèze;26;2;0;43;9;31;8;20;11;0;0;3;17;171
;04217;Thoard;42;7;1;93;17;77;47;62;25;0;0;17;29;417
;04218;Thorame-Basse;22;0;0;41;7;18;15;22;5;0;0;4;12;145
;04219;Thorame-Haute;17;1;0;31;14;30;13;19;7;0;0;1;3;137
;04220;Les Thuiles;57;3;0;79;22;61;17;23;12;0;0;13;6;292
;04222;Turriers;30;1;0;38;9;32;11;18;10;0;1;2;3;155
;04224;Ubraye;9;0;1;13;4;5;6;9;3;0;0;2;4;56
;04226;Uvernet-Fours;82;2;3;126;36;64;47;45;8;1;1;8;20;443
;04227;Vachères;40;0;0;52;9;34;20;27;5;0;0;8;12;207
;04228;Valavoire;5;0;0;5;2;6;5;1;0;0;0;0;1;25
;04229;Valbelle;26;2;0;36;10;39;7;26;7;0;0;7;7;169
;04230;Valensole;372;12;3;632;130;408;172;237;75;6;0;62;95;2205
;04231;Valernes;18;1;1;39;7;21;10;21;4;1;0;8;10;140
;04233;Vaumeilh;21;1;1;36;10;38;18;24;12;2;1;10;14;188
;04234;Venterol;18;1;1;28;8;30;19;19;7;1;0;6;10;148
;04235;Verdaches;4;0;0;10;1;4;3;8;3;0;0;4;3;41
;04236;Vergons;10;0;0;10;4;12;8;6;2;0;0;3;2;57
;04237;Le Vernet;8;1;0;21;3;16;8;11;3;0;0;4;6;82
;04240;Villars-Colmars;33;0;1;52;13;33;15;19;3;0;0;1;7;177
;04241;Villemus;21;1;0;38;7;28;8;13;5;0;1;7;2;130
;04242;Villeneuve;524;5;2;831;160;559;196;302;78;14;3;59;96;2829
;04244;Volonne;169;10;0;299;60;212;98;132;33;6;1;36;51;1108
;04245;Volx;491;12;4;652;158;377;172;200;56;3;0;25;50;2200
;ND;ND;50;0;1;54;8;21;4;6;1;4;0;0;4;153
;Total département;;20068;507;145;29094;6864;19441;9918;12155;3531;354;44;2511;4381;109012
Hautes-Alpes;04066;Curbans;0;0;0;0;0;1;0;0;0;0;0;0;0;1
;05001;Abriès-Ristolas;36;4;0;59;15;38;28;35;9;0;0;2;14;239
;05003;Aiguilles;42;1;1;64;15;46;18;24;7;1;0;3;11;233
;05004;Ancelle;146;4;2;230;33;108;54;62;8;0;0;4;28;679
;05006;L'Argentière-la-Bessée;200;18;2;395;75;280;134;202;46;5;0;31;58;1446
;05007;Arvieux;37;1;0;68;18;54;26;38;8;0;0;6;10;267
;05008;Aspremont;23;0;0;64;17;38;19;32;14;2;0;9;9;228
;05009;Aspres-lès-Corps;17;1;0;22;6;16;8;13;0;0;0;3;2;88
;05010;Aspres-sur-Buëch;82;6;0;106;30;104;55;77;22;0;0;18;21;521
;05011;Avançon;24;1;0;72;17;59;21;33;13;0;0;8;9;256
;05012;Baratier;92;1;0;139;27;59;44;48;13;0;1;9;23;457
;05013;Barcillonnette;19;1;0;34;7;17;6;16;6;0;0;6;1;113
;05014;Barret-sur-Méouge;18;1;0;27;7;27;10;16;7;0;0;5;10;128
;05016;La Bâtie-Montsaléon;18;2;1;34;8;21;19;24;13;1;0;6;19;167
;05017;La Bâtie-Neuve;283;6;1;444;104;325;121;181;42;4;1;18;67;1597
;05018;La Bâtie-Vieille;51;1;1;54;12;43;14;22;7;2;0;5;8;221
;05019;La Beaume;12;0;0;24;7;25;11;14;5;0;0;11;7;116
;05021;Le Bersac;17;0;0;22;9;16;6;20;6;0;0;9;7;113
;05022;Bréziers;15;1;0;29;4;26;11;18;9;0;0;8;13;134
;05023;Briançon;1396;50;6;1762;543;1263;757;753;191;15;6;80;285;7107
;05024;Valdoule;13;0;0;40;5;25;12;19;2;0;0;7;10;134
;05025;Buissard;21;3;0;53;2;22;6;16;0;1;0;1;6;131
;05026;Ceillac;33;0;0;55;14;26;19;24;5;0;0;3;7;185
;05027;Cervières;19;1;0;30;7;26;9;9;4;0;0;4;5;114
;05028;Chabestan;13;1;0;15;8;15;11;24;6;0;0;8;5;106
;05029;Chabottes;126;2;0;180;22;103;44;67;14;2;0;12;20;591
;05031;Champcella;12;1;0;45;8;32;7;19;5;0;0;4;4;138
;05032;Champoléon;13;1;0;25;10;18;5;14;6;0;0;2;8;103
;05033;Chanousse;5;1;0;5;1;6;6;2;0;0;0;0;1;28
;05035;Châteauneuf-d'Oze;5;0;0;7;2;2;0;1;1;0;0;1;1;20
;05036;Châteauroux-les-Alpes;113;4;0;215;57;165;70;124;28;0;0;27;34;838
;05037;Châteauvieux;70;1;0;104;23;61;33;42;6;4;0;7;13;365
;05038;Château-Ville-Vieille;32;0;0;58;16;34;41;30;13;0;1;9;24;257
;05039;Aubessagne;68;1;0;132;19;78;26;53;30;2;0;8;25;443
;05040;Chorges;330;10;2;587;122;374;155;210;60;8;1;39;76;1974
;05044;Crévoux;13;0;0;31;7;8;3;10;3;0;0;0;2;77
;05045;Crots;130;3;0;175;41;138;76;82;28;3;0;18;44;738
;05046;Embrun;898;23;7;1038;312;677;388;448;121;15;3;88;151;4169
;05047;Éourres;2;1;0;8;4;5;7;9;4;0;0;4;2;46
;05048;L'Épine;24;1;1;24;6;24;12;25;8;1;0;2;8;136
;05049;Esparron;3;1;0;10;1;5;4;0;0;1;0;2;2;29
;05050;Espinasses;61;4;0;111;26;75;32;65;16;0;0;7;22;418
;05051;Étoile-Saint-Cyrice;1;0;0;5;2;4;2;0;0;0;0;0;0;14
;05052;Eygliers;79;2;3;144;25;103;49;63;27;0;0;16;22;532
;05053;Garde-Colombe;64;0;0;91;25;73;31;52;13;1;0;16;22;389
;05054;La Fare-en-Champsaur;46;2;0;88;17;45;18;26;10;1;0;2;12;269
;05055;La Faurie;23;1;1;42;8;39;20;44;7;1;0;5;9;201
;05056;Forest-Saint-Julien;35;1;0;48;13;33;17;22;5;0;0;3;7;184
;05057;Fouillouse;39;0;0;41;10;26;13;19;8;0;0;4;10;169
;05058;Freissinières;16;1;0;36;3;22;9;26;4;0;0;3;5;126
;05059;La Freissinouse;112;1;0;155;29;110;36;55;17;1;0;7;14;536
;05060;Furmeyer;18;1;0;21;7;27;13;18;4;1;0;5;6;121
;05061;Gap;6178;89;60;6742;1888;4330;2289;2418;559;96;7;330;818;25804
;05062;Le Glaizil;20;1;0;40;1;16;9;15;4;0;0;3;0;109
;05063;La Grave;41;2;1;106;16;70;25;46;10;0;0;1;4;322
;05064;La Chapelle-en-Valgaudémar;14;1;0;12;4;13;6;9;2;0;0;3;1;65
;05065;Guillestre;254;7;1;447;122;295;138;201;44;3;3;39;73;1626
;05066;La Haute-Beaume;0;0;0;0;0;0;1;2;0;0;0;0;0;3
;05068;Jarjayes;46;1;0;80;20;53;19;46;7;3;1;11;17;305
;05070;Laragne-Montéglin;354;12;5;590;129;414;183;315;94;7;0;53;111;2268
;05071;Lardier-et-Valença;41;1;1;63;13;51;17;19;17;1;1;6;7;240
;05072;Laye;29;1;0;61;8;30;12;11;5;2;0;0;6;166
;05073;Lazer;34;3;1;60;15;49;22;37;8;1;1;7;12;251
;05074;Lettret;24;0;0;33;10;18;9;8;5;0;0;3;1;113
;05075;Manteyer;46;1;0;71;16;67;28;22;12;2;2;7;13;288
;05076;Méreuil;2;0;0;14;4;9;3;7;4;0;0;5;4;53
;05077;Molines-en-Queyras;30;0;0;59;11;36;22;21;12;0;0;3;11;205
;05078;Monêtier-Allemont;15;0;1;48;8;29;16;24;14;0;0;11;9;176
;05079;Le Monêtier-les-Bains;105;5;0;185;47;117;77;70;19;1;0;14;39;680
;05080;Montbrand;6;1;0;5;1;11;3;5;6;0;1;3;2;45
;05081;Montclus;2;0;0;7;3;5;3;2;2;0;0;5;5;35
;05082;Mont-Dauphin;8;0;0;31;5;24;3;10;2;0;0;4;2;90
;05084;Montgardin;63;2;0;90;19;61;15;34;17;1;0;8;11;323
;05085;Montgenèvre;55;9;2;111;20;37;39;33;10;0;0;1;10;327
;05086;Montjay;4;0;1;12;7;17;10;12;4;0;0;6;4;78
;05087;Montmaur;64;3;1;85;22;70;36;49;20;2;0;12;14;377
;05089;Montrond;2;1;0;5;3;11;9;3;6;0;0;0;5;46
;05090;La Motte-en-Champsaur;22;0;0;48;4;36;9;12;5;4;0;2;6;148
;05091;Moydans;4;0;0;7;1;8;4;5;2;0;0;4;3;38
;05092;Neffes;101;4;4;155;26;100;37;43;15;0;0;8;11;505
;05093;Névache;32;5;1;60;14;41;16;31;3;0;0;8;12;223
;05094;Nossage-et-Bénévent;2;0;0;2;1;1;1;0;0;0;0;1;2;10
;05095;Le Noyer;33;2;0;56;15;35;10;17;6;0;0;5;12;192
;05096;Orcières;81;1;1;146;46;99;45;57;18;0;0;10;22;527
;05097;Orpierre;29;0;1;64;8;56;22;33;23;2;0;5;8;252
;05098;Les Orres;48;0;1;102;14;56;29;33;13;3;0;2;6;306
;05099;Oze;15;0;0;13;3;8;5;4;2;0;1;3;10;65
;05100;Pelleautier;91;4;0;131;39;101;36;57;14;1;1;13;16;504
;05101;Vallouise-Pelvoux;134;6;2;241;48;168;86;104;24;0;0;14;43;870
;05102;La Piarre;2;0;0;12;3;11;4;13;0;0;0;4;1;50
;05103;Le Poët;100;2;0;138;21;100;36;67;19;2;0;24;29;537
;05104;Poligny;32;1;0;56;13;39;24;27;10;0;0;6;6;214
;05106;Prunières;45;2;0;72;9;34;21;20;8;0;0;3;16;231
;05107;Puy-Saint-André;59;2;0;81;22;60;32;39;15;2;0;8;18;339
;05108;Puy-Saint-Eusèbe;17;4;1;31;7;20;13;13;3;0;0;3;4;117
;05110;Puy-Saint-Vincent;23;3;0;74;9;44;16;18;9;0;0;2;7;206
;05111;Puy-Sanières;34;3;0;76;14;26;20;20;8;0;0;7;10;219
;05113;Rambaud;44;0;0;58;18;50;31;27;8;2;0;9;17;263
;05114;Réallon;24;0;0;42;5;28;2;8;3;0;0;5;2;120
;05115;Remollon;54;0;3;67;13;62;21;33;13;1;1;10;25;304
;05116;Réotier;20;0;0;33;7;32;10;14;5;1;2;3;3;131
;05117;Ribeyret;4;0;0;16;2;18;8;12;3;0;0;8;14;85
;05118;Val Buëch-Méouge;132;7;0;266;61;148;74;145;53;4;0;27;32;949
;05119;Risoul;86;0;0;142;23;87;40;60;20;2;0;6;19;487
;05121;Rochebrune;17;0;1;27;3;36;12;15;3;0;0;0;5;120
;05122;La Roche-de-Rame;75;3;2;155;30;115;43;76;21;0;0;16;29;565
;05123;La Roche-des-Arnauds;200;4;2;294;63;219;85;136;38;3;1;16;30;1093
;05124;La Rochette;56;0;1;91;14;57;27;49;22;0;1;1;20;340
;05126;Rosans;27;2;0;62;9;47;28;42;19;0;0;12;13;263
;05127;Rousset;21;2;0;36;8;28;11;9;3;0;0;1;3;122
;05128;Saint-André-d'Embrun;72;4;0;123;25;91;45;56;25;1;0;7;33;482
;05129;Saint-André-de-Rosans;6;0;0;28;4;23;9;13;5;0;0;4;3;95
;05130;Saint-Apollinaire;18;1;0;46;11;20;10;12;4;1;0;1;2;126
;05131;Saint-Auban-d'Oze;5;0;0;13;4;8;3;6;4;0;0;1;2;47
;05132;Saint-Bonnet-en-Champsaur;274;5;1;413;75;259;114;137;38;4;0;24;53;1398
;05133;Saint-Chaffrey;193;4;4;319;74;215;127;136;31;0;0;17;46;1167
;05134;Saint-Clément-sur-Durance;20;0;1;53;14;41;15;29;9;1;0;10;11;204
;05135;Sainte-Colombe;9;0;0;12;1;5;3;3;0;2;0;2;2;39
;05136;Saint-Crépin;79;3;0;126;29;111;34;60;24;1;1;8;19;494
;05139;Dévoluy;95;6;0;210;29;113;30;58;21;1;1;12;24;601
;05140;Saint-Étienne-le-Laus;34;0;0;54;9;33;18;17;5;0;0;5;7;182
;05142;Saint-Firmin;47;5;1;86;23;48;21;36;4;1;1;2;19;293
;05144;Saint-Jacques-en-Valgodemard;18;0;0;20;4;14;7;11;1;0;0;1;2;78
;05145;Saint-Jean-Saint-Nicolas;108;2;0;190;47;129;46;63;20;1;0;11;25;641
;05146;Saint-Julien-en-Beauchêne;14;3;0;15;3;10;9;17;5;1;0;6;8;91
;05147;Saint-Julien-en-Champsaur;31;1;0;71;15;50;14;30;5;0;0;11;11;240
;05148;Saint-Laurent-du-Cros;104;5;0;151;24;75;24;42;17;5;1;2;22;472
;05149;Saint-Léger-les-Mélèzes;34;1;1;80;9;53;8;23;1;0;0;0;2;212
;05151;Saint-Martin-de-Queyrières;101;7;0;211;36;157;70;92;27;0;0;18;27;747
;05152;Saint-Maurice-en-Valgodemard;17;1;0;28;7;12;4;5;1;0;0;0;4;79
;05153;Saint-Michel-de-Chaillol;45;1;1;73;13;52;18;15;4;0;0;2;2;226
;05154;Saint-Pierre-d'Argençon;23;1;0;32;5;21;12;18;3;0;0;4;2;122
;05155;Saint-Pierre-Avez;1;1;0;6;0;9;3;3;4;0;1;0;3;31
;05156;Saint-Sauveur;40;4;1;80;18;72;33;41;8;1;0;9;28;336
;05157;Saint-Véran;9;1;1;36;10;24;18;19;3;0;0;3;9;134
;05158;Le Saix;14;0;0;21;4;18;10;5;3;0;0;2;3;80
;05159;Saléon;6;0;0;11;1;8;3;12;3;0;0;3;4;51
;05160;Salérans;5;1;0;13;1;7;2;6;1;1;1;2;1;42
;05161;La Salle-les-Alpes;117;5;1;177;46;120;91;83;20;0;1;15;50;725
;05162;La Saulce;148;2;1;211;45;134;76;100;24;1;0;27;26;795
;05163;Le Sauze-du-Lac;11;0;0;30;3;17;8;10;6;0;0;0;5;91
;05164;Savines-le-Lac;151;2;2;200;50;137;65;60;21;3;1;19;32;744
;05165;Savournon;19;1;0;31;8;32;18;30;10;0;0;8;7;164
;05166;Serres;139;3;0;169;55;137;97;108;43;4;1;22;50;828
;05167;Sigottier;6;0;0;12;3;12;5;6;2;0;0;4;1;51
;05168;Sigoyer;69;3;1;127;20;101;23;49;17;4;0;9;17;439
;05169;Sorbiers;3;0;0;8;2;4;2;4;2;0;0;1;1;27
;05170;Tallard;247;5;0;376;108;243;120;141;49;1;0;18;49;1357
;05171;Théus;15;1;0;36;5;25;16;22;8;0;0;5;12;145
;05172;Trescléoux;35;1;1;52;12;38;21;37;15;0;1;14;8;235
;05173;Upaix;39;2;0;104;18;65;26;46;9;1;0;5;15;329
;05174;Val-des-Prés;55;8;1;81;38;55;53;57;8;0;0;5;24;386
;05176;Valserres;21;1;0;40;9;34;20;20;6;0;0;3;1;155
;05177;Vars;70;1;0;113;30;62;33;43;10;1;0;6;24;393
;05178;Ventavon;42;2;0;96;15;73;23;57;20;0;0;17;22;367
;05179;Veynes;341;14;1;413;115;382;194;293;100;2;1;50;113;2018
;05180;Les Vigneaux;49;5;0;94;29;57;30;48;11;0;0;15;12;349
;05181;Villar-d'Arêne;20;1;0;43;19;28;18;22;4;0;0;3;2;161
;05182;Villar-Loubière;8;0;0;6;4;4;1;1;0;0;0;0;1;25
;05183;Villar-Saint-Pancrace;166;5;2;225;71;172;88;105;34;1;1;20;37;928
;05184;Vitrolles;21;1;0;43;7;29;19;15;8;1;0;3;4;152
;ND;ND;63;2;2;75;10;26;17;16;3;1;0;2;0;217
;Total département;;17340;490;145;24364;5995;16439;8164;10252;2887;259;49;1785;3705;91874
Alpes-Maritimes;06001;Aiglun;5;0;0;6;3;11;4;3;1;0;0;0;2;36
;06002;Amirat;1;0;0;3;1;2;6;2;3;0;0;2;2;22
;06003;Andon;53;2;1;79;24;57;40;32;8;0;0;10;22;327
;06004;Antibes;15900;184;103;10468;5387;5937;5067;2673;486;188;23;269;1343;48027
;06005;Ascros;11;1;0;20;6;9;10;7;5;0;0;3;4;76
;06006;Aspremont;475;2;7;358;152;204;133;104;17;5;0;11;63;1532
;06007;Auribeau-sur-Siagne;632;11;7;596;205;281;182;160;29;17;0;23;76;2219
;06008;Auvare;1;0;0;2;1;2;3;5;3;0;0;0;1;18
;06009;Bairols;2;0;0;9;1;6;1;2;1;0;0;0;0;22
;06010;Le Bar-sur-Loup;450;12;11;511;182;295;212;167;34;11;1;37;81;2003
;06011;Beaulieu-sur-Mer;733;4;13;385;252;226;225;99;19;11;0;11;93;2070
;06012;Beausoleil;1677;11;9;1250;641;753;576;380;67;18;0;27;178;5588
;06013;Belvédère;68;1;0;105;28;59;35;41;17;0;0;6;22;382
;06014;Bendejun;109;1;0;141;52;88;50;55;16;5;0;13;21;551
;06015;Berre-les-Alpes;175;1;4;182;53;137;77;85;30;6;0;19;24;792
;06016;Beuil;56;0;1;65;17;27;37;15;6;0;0;10;11;245
;06017;Bézaudun-les-Alpes;29;1;1;44;12;22;14;25;15;0;0;6;6;176
;06018;Biot;2339;29;27;1912;657;815;598;376;56;72;5;39;179;7105
;06019;Blausasc;272;1;2;287;68;171;106;92;15;11;0;19;53;1097
;06020;La Bollène-Vésubie;60;5;0;103;26;59;22;29;13;1;0;7;16;342
;06021;Bonson;89;4;0;136;35;77;39;42;11;0;0;11;11;455
;06022;Bouyon;58;0;0;85;25;49;33;46;12;4;1;17;12;342
;06023;Breil-sur-Roya;218;3;0;272;88;216;156;181;38;3;1;31;68;1274
;06024;Briançonnet;12;0;0;23;4;17;9;9;1;0;0;4;4;84
;06025;Le Broc;183;5;2;301;72;150;88;92;27;4;0;18;49;992
;06026;Cabris;316;5;2;252;109;132;130;83;14;3;0;12;55;1113
;06027;Cagnes-sur-Mer;10092;77;59;7657;3102;3986;3214;1866;376;234;8;179;838;31689
;06028;Caille;39;0;0;65;26;47;29;31;17;0;1;6;12;273
;06029;Cannes;13901;95;107;8862;4702;4964;4906;2565;524;235;14;246;1441;42563
;06030;Le Cannet;8826;61;78;5075;2694;3092;2617;1478;311;91;4;153;707;25186
;06031;Cantaron;234;1;4;198;92;105;71;75;25;4;0;14;33;857
;06032;Cap-d'Ail;835;3;4;493;280;224;236;113;31;12;0;7;90;2329
;06033;Carros;1815;24;23;2670;537;1251;641;666;129;35;0;87;168;8046
;06034;Castagniers;235;2;3;296;78;165;91;94;20;6;0;12;39;1041
;06035;Castellar;188;1;0;163;64;96;77;48;12;0;0;5;18;671
;06036;Castillon;59;0;0;64;23;35;33;17;5;1;0;1;10;249
;06037;Caussols;42;3;0;41;18;28;17;25;7;2;1;8;15;209
;06038;Châteauneuf-Grasse;667;13;9;586;260;378;266;161;34;14;3;24;106;2519
;06039;Châteauneuf-Villevieille;134;1;0;148;51;95;54;57;13;9;0;6;24;593
;06040;Châteauneuf-d'Entraunes;3;0;0;5;3;2;1;2;0;0;0;3;1;20
;06041;Cipières;33;0;1;65;15;43;20;30;8;1;0;6;13;235
;06042;Clans;53;0;0;94;17;67;27;39;5;1;0;7;13;323
;06043;Coaraze;87;3;0;142;46;91;48;54;14;4;0;7;18;512
;06044;La Colle-sur-Loup;1816;25;24;1383;606;714;544;331;52;40;2;34;181;5753
;06045;Collongues;4;1;0;5;3;5;2;3;2;0;0;2;1;29
;06046;Colomars;608;4;12;614;210;279;224;173;29;18;1;26;80;2278
;06047;Conségudes;7;0;0;11;1;4;5;6;0;0;0;2;4;41
;06048;Contes;1077;13;6;1125;413;767;483;394;80;16;1;63;209;4647
;06049;Courmes;10;0;1;10;8;9;10;9;4;0;0;1;5;67
;06050;Coursegoules;47;1;1;82;15;74;42;40;19;3;0;10;23;358
;06051;La Croix-sur-Roudoule;5;0;0;17;1;5;3;5;3;0;0;0;1;41
;06052;Cuébris;6;1;0;11;5;10;5;9;2;0;0;0;3;53
;06053;Daluis;8;0;0;15;6;12;9;9;6;0;0;4;5;75
;06054;Drap;579;5;0;576;223;457;270;270;61;5;0;42;91;2578
;06055;Duranus;13;0;0;20;3;12;6;5;2;0;0;3;3;67
;06056;Entraunes;5;0;0;12;2;14;4;2;3;0;0;1;1;45
;06057;L'Escarène;231;4;1;346;101;230;128;146;43;3;0;27;66;1326
;06058;Escragnolles;41;2;0;84;20;59;37;44;13;0;0;9;30;339
;06059;Èze;667;1;11;439;198;206;187;93;14;10;0;11;84;1921
;06060;Falicon;416;2;4;275;112;130;149;59;16;10;0;11;44;1229
;06061;Les Ferres;7;0;0;13;2;10;2;8;1;0;0;1;0;44
;06062;Fontan;31;2;0;42;15;30;16;21;6;0;0;3;22;189
;06063;Gars;2;0;0;3;0;4;0;5;1;0;0;0;0;15
;06064;Gattières;759;17;6;732;248;448;255;225;56;6;0;51;84;2888
;06065;La Gaude;1299;17;14;1271;440;676;440;328;88;39;1;47;178;4837
;06066;Gilette;192;2;1;247;70;154;83;80;27;2;1;15;44;917
;06067;Gorbio;255;1;0;151;83;116;84;61;13;8;0;8;34;814
;06068;Gourdon;52;1;1;43;24;42;23;31;7;1;0;4;14;243
;06069;Grasse;8471;100;59;6811;2911;4730;3074;2420;503;142;8;296;1001;30527
;06070;Gréolières;60;3;0;80;21;63;38;47;13;4;0;14;20;366
;06071;Guillaumes;46;1;0;53;24;53;31;33;8;0;0;9;12;271
;06072;Ilonse;4;0;0;9;3;7;2;2;1;0;0;0;2;30
;06073;Isola;51;1;0;100;23;58;28;32;5;0;0;5;14;317
;06074;Lantosque;113;6;1;162;44;95;65;64;27;2;0;19;33;632
;06075;Levens;692;6;6;848;248;497;302;253;49;17;3;23;113;3056
;06076;Lieuche;2;0;0;11;2;2;4;5;0;0;0;1;0;27
;06077;Lucéram;139;2;0;170;66;120;69;100;17;1;0;16;37;737
;06078;Malaussène;20;0;0;58;11;34;18;18;8;0;0;3;6;176
;06079;Mandelieu-la-Napoule;5616;43;54;3790;1762;1973;1740;901;184;81;6;93;492;16734
;06080;Marie;4;0;0;9;1;4;7;8;1;0;0;1;3;39
;06081;Le Mas;13;0;0;11;2;8;4;5;2;0;0;3;2;51
;06082;Massoins;11;0;0;17;3;18;9;3;1;0;0;3;3;69
;06083;Menton;5024;38;26;3310;1868;2272;1812;1138;216;42;7;112;547;16413
;06084;Mouans-Sartoux;2345;26;37;2018;706;956;653;406;87;71;2;37;229;7572
;06085;Mougins;5460;51;89;4270;1402;1602;1360;752;132;308;3;81;520;16029
;06086;Moulinet;26;0;0;28;8;16;13;19;5;2;0;5;8;130
;06087;Les Mujouls;0;0;0;2;0;1;1;1;1;0;0;1;2;9
;06088;Nice;47360;444;406;34837;17178;21968;17301;11416;2271;820;33;1085;4690;159809
;06089;Opio;519;6;14;398;162;213;215;102;21;13;4;12;85;1764
;06090;Pégomas;1468;15;11;1273;462;734;429;311;51;22;3;53;148;4981
;06091;Peille;319;5;2;297;97;186;141;113;34;5;0;14;63;1277
;06092;Peillon;224;3;0;228;95;137;96;70;18;2;0;12;36;921
;06093;La Penne;21;0;0;29;9;25;18;14;7;1;0;5;13;142
;06094;Péone;69;0;0;108;31;58;35;48;7;0;0;5;18;379
;06095;Peymeinade;1563;22;14;1334;608;746;574;373;86;30;0;63;234;5647
;06096;Pierlas;7;1;0;8;0;3;0;3;0;0;0;1;0;23
;06097;Pierrefeu;31;2;0;58;8;31;26;26;9;0;0;6;9;207
;06098;Puget-Rostang;7;1;0;26;9;13;14;5;2;0;0;5;5;87
;06099;Puget-Théniers;127;4;1;261;56;172;106;102;27;5;0;12;35;907
;06100;Revest-les-Roches;17;0;0;30;6;13;17;9;2;0;0;0;4;98
;06101;Rigaud;15;0;1;38;7;24;8;10;7;0;0;4;5;120
;06102;Rimplas;6;2;0;7;4;7;5;8;1;0;0;0;0;40
;06103;Roquebillière;182;2;1;238;56;140;85;121;27;3;0;32;55;942
;06104;Roquebrune-Cap-Martin;2763;10;15;1532;989;872;866;414;85;26;5;32;252;7860
;06105;Roquefort-les-Pins;1524;12;22;1291;489;643;487;309;54;50;1;30;158;5069
;06106;Roquestéron;49;1;0;82;13;53;25;27;14;0;0;11;8;283
;06107;La Roque-en-Provence;2;0;0;5;0;1;4;5;2;1;0;1;2;23
;06108;La Roquette-sur-Siagne;1061;12;9;932;320;483;330;250;60;24;0;38;92;3611
;06109;La Roquette-sur-Var;93;2;0;151;33;112;55;81;20;2;0;10;15;574
;06110;Roubion;7;0;0;11;2;8;4;9;3;1;0;3;4;53
;06111;Roure;10;0;0;6;1;6;5;4;2;1;0;4;2;41
;06112;Le Rouret;831;8;11;643;279;390;273;156;38;26;0;18;107;2780
;06113;Sainte-Agnès;234;1;4;178;73;105;91;54;7;1;0;8;37;793
;06114;Saint-André-de-la-Roche;797;8;4;729;284;481;305;214;45;11;0;39;76;2992
;06115;Saint-Antonin;13;0;0;13;2;11;4;7;1;1;0;3;4;58
;06116;Saint-Auban;18;1;1;34;5;15;15;23;7;0;0;6;7;133
;06117;Saint-Blaise;172;2;0;200;58;144;72;56;14;5;2;12;28;765
;06118;Saint-Cézaire-sur-Siagne;647;9;4;695;207;450;296;225;71;17;0;45;112;2778
;06119;Saint-Dalmas-le-Selvage;9;0;0;23;4;11;5;3;4;0;0;2;1;62
;06120;Saint-Étienne-de-Tinée;147;0;4;233;43;132;81;71;14;1;0;9;30;765
;06121;Saint-Jean-Cap-Ferrat;382;3;8;218;180;104;144;46;7;11;0;1;43;1147
;06122;Saint-Jeannet;727;12;10;662;255;429;296;211;50;21;0;30;104;2806
;06123;Saint-Laurent-du-Var;6263;56;38;4698;2025;2556;1869;1217;217;67;8;111;501;19626
;06124;Saint-Léger;2;0;0;5;0;7;3;6;3;0;0;4;3;33
;06125;Saint-Martin-d'Entraunes;5;1;0;7;5;3;2;5;1;0;0;0;3;33
;06126;Saint-Martin-du-Var;384;5;1;461;126;342;162;147;39;10;0;33;54;1765
;06127;Saint-Martin-Vésubie;176;7;1;203;46;97;69;60;19;1;0;10;36;726
;06128;Saint-Paul-de-Vence;888;4;7;697;308;329;308;144;30;25;4;18;132;2894
;06129;Saint-Sauveur-sur-Tinée;36;1;0;47;10;28;14;22;2;0;0;4;11;175
;06130;Saint-Vallier-de-Thiey;541;8;4;635;178;415;229;196;50;15;0;33;112;2416
;06131;Sallagriffon;7;0;0;3;3;2;3;2;2;0;0;2;2;27
;06132;Saorge;44;0;0;38;16;29;33;26;9;0;0;6;11;212
;06133;Sauze;3;0;0;4;1;6;1;4;3;0;0;1;1;25
;06134;Séranon;53;2;0;88;15;46;28;38;20;1;0;13;16;320
;06135;Sigale;19;0;0;33;8;17;13;13;6;0;0;0;11;120
;06136;Sospel;431;1;3;540;199;360;254;221;51;9;0;34;102;2206
;06137;Spéracèdes;265;1;2;220;89;125;110;50;12;7;0;5;41;928
;06138;Théoule-sur-Mer;437;3;8;321;182;136;165;76;13;14;0;8;70;1435
;06139;Thiéry;0;0;0;3;2;3;4;3;0;0;0;0;0;15
;06140;Le Tignet;647;11;6;640;211;358;242;165;42;14;0;31;88;2453
;06141;Toudon;30;0;1;52;10;27;27;19;6;1;1;6;7;186
;06142;Touët-de-l'Escarène;32;0;0;44;17;26;21;15;5;0;0;4;9;173
;06143;Touët-sur-Var;52;1;0;113;23;64;33;35;9;0;0;5;17;352
;06144;La Tour;33;0;0;70;14;39;20;35;10;0;0;2;9;232
;06145;Tourette-du-Château;5;0;0;31;2;12;7;7;1;0;0;4;5;74
;06146;Tournefort;13;1;0;24;10;18;9;4;4;0;0;2;3;89
;06147;Tourrette-Levens;676;11;2;691;242;480;291;233;37;10;0;24;82;2777
;06148;Tourrettes-sur-Loup;745;9;11;644;306;412;366;213;49;21;2;42;119;2939
;06149;La Trinité;1433;9;8;1251;523;862;581;474;91;18;2;58;199;5509
;06150;La Turbie;703;6;3;456;191;222;167;107;13;11;2;15;71;1967
;06151;Utelle;83;2;0;116;28;74;40;46;12;2;0;9;19;431
;06152;Valbonne;2745;40;63;2987;851;1127;802;516;103;110;3;37;226;9612
;06153;Valdeblore;119;0;0;135;34;78;54;62;17;1;1;10;16;529
;06154;Valderoure;41;0;0;69;14;47;27;28;13;0;0;11;6;257
;06155;Vallauris;4776;55;49;3536;1719;2368;1870;1124;250;63;6;129;571;16513
;06156;Venanson;27;2;0;21;8;11;11;4;1;1;0;1;4;91
;06157;Vence;3300;50;23;2639;1257;1605;1382;851;181;69;1;95;435;11888
;06158;Villars-sur-Var;54;2;1;119;29;74;37;42;7;1;2;6;12;386
;06159;Villefranche-sur-Mer;1092;7;16;583;449;283;404;154;28;14;3;14;129;3176
;06160;Villeneuve-d'Entraunes;4;0;0;10;2;8;5;4;3;0;0;2;4;42
;06161;Villeneuve-Loubet;3897;32;46;3406;1158;1625;1153;638;116;67;3;55;304;12500
;06162;La Brigue;59;1;1;53;16;50;32;35;11;0;0;13;14;286
;06163;Tende;172;3;0;173;71;139;127;115;46;1;0;30;75;953
;ND;ND;110;1;0;90;18;47;20;15;5;4;0;1;3;314
;Total département;;189218;1867;1667;146267;64468;84931;65868;42762;8892;3492;186;4985;20207;634810
Bouches-du-Rhône;13001;Aix-en-Provence;23541;416;316;26076;6710;11408;6607;5472;1139;559;36;642;1916;84839
;13002;Allauch;4092;30;29;3667;1270;2007;1100;912;198;75;6;131;363;13879
;13003;Alleins;360;10;2;487;98;267;130;182;42;11;1;26;53;1668
;13004;Arles;6326;105;43;8748;1756;5976;2489;3548;1015;104;11;619;831;31570
;13005;Aubagne;7315;89;72;8317;2244;4594;2507;2335;564;174;10;309;687;29218
;13006;Aureille;207;4;2;279;63;218;87;94;23;5;0;23;44;1049
;13007;Auriol;1644;38;11;2268;556;1370;625;710;165;36;1;105;236;7765
;13008;Aurons;94;1;1;117;19;78;31;29;3;0;0;4;17;395
;13009;La Barben;115;2;3;175;39;103;55;58;12;9;1;6;15;593
;13010;Barbentane;570;6;6;753;181;468;247;284;73;10;0;49;132;2778
;13011;Les Baux-de-Provence;65;1;4;71;24;39;35;21;8;4;0;3;18;292
;13012;Beaurecueil;98;0;0;84;24;61;41;20;5;6;0;4;11;355
;13013;Belcodène;260;3;4;379;58;218;77;114;24;13;2;19;29;1198
;13014;Berre-l'Étang;1182;18;2;2359;448;1646;521;1056;274;51;1;162;176;7895
;13015;Bouc-Bel-Air;2777;29;24;3222;785;1544;688;643;151;72;6;91;199;10231
;13016;La Bouilladisse;890;11;9;1235;293;702;283;350;71;44;0;59;134;4081
;13017;Boulbon;174;4;1;346;63;156;89;116;22;6;0;17;26;1021
;13018;Cabannes;549;9;1;719;139;506;220;318;89;6;0;72;74;2701
;13019;Cabriès;1820;16;24;2077;504;974;529;441;111;57;2;54;170;6779
;13020;Cadolive;322;5;0;462;102;249;103;134;24;10;2;15;36;1465
;13021;Carry-le-Rouet;1268;7;14;1530;336;698;330;302;49;32;2;39;126;4734
;13022;Cassis;1587;6;19;1266;475;583;480;293;53;41;2;31;173;5010
;13023;Ceyreste;815;10;6;903;270;510;280;237;60;25;1;37;100;3254
;13024;Charleval;320;6;1;506;124;299;111;202;50;4;0;22;40;1685
;13025;Châteauneuf-le-Rouge;455;3;12;465;113;293;104;102;26;14;0;16;34;1636
;13026;Châteauneuf-les-Martigues;1963;22;6;3352;618;1994;631;1000;208;24;2;109;183;10111
;13027;Châteaurenard;2106;33;17;2856;630;1838;766;1075;327;24;3;179;287;10140
;13028;La Ciotat;6203;71;49;6385;2064;3876;2200;1840;399;103;2;197;613;24004
;13029;Cornillon-Confoux;209;4;2;289;71;164;91;81;17;10;0;9;33;980
;13030;Cuges-les-Pins;678;9;3;955;208;643;288;354;80;8;3;60;135;3423
;13031;La Destrousse;531;11;6;778;163;430;210;208;51;12;1;32;83;2517
;13032;Éguilles;1547;12;30;1753;472;770;420;380;84;55;0;58;185;5766
;13033;Ensuès-la-Redonne;799;9;4;1234;260;725;246;323;77;19;0;48;92;3837
;13034;Eygalières;334;1;4;446;112;185;124;116;38;12;0;22;77;1471
;13035;Eyguières;1023;18;7;1464;295;897;343;440;116;19;7;89;151;4868
;13036;Eyragues;618;12;12;793;177;462;207;269;78;17;1;51;114;2810
;13037;La Fare-les-Oliviers;1248;13;3;1804;359;1015;363;472;99;22;0;79;145;5623
;13038;Fontvieille;641;5;2;740;141;401;202;191;59;11;0;43;88;2523
;13039;Fos-sur-Mer;1907;26;6;3994;596;2086;707;1058;243;80;3;120;198;11023
;13040;Fuveau;1470;27;14;2147;471;1199;505;587;143;40;1;82;179;6867
;13041;Gardanne;2936;42;30;4039;1016;2638;1059;1279;260;72;5;179;282;13836
;13042;Gémenos;1345;29;18;1608;394;708;375;303;64;49;0;41;127;5062
;13043;Gignac-la-Nerthe;1198;22;5;2080;380;1242;431;621;129;17;0;72;156;6353
;13044;Grans;820;14;7;1027;245;609;246;296;83;15;0;62;109;3533
;13045;Graveson;677;10;5;1014;179;586;244;293;56;8;0;37;99;3208
;13046;Gréasque;627;10;13;881;182;502;202;233;40;27;0;39;74;2829
;13047;Istres;5511;107;28;7375;1839;5213;1970;2584;616;184;1;328;526;26283
;13048;Jouques;517;16;3;815;183;570;248;323;64;24;1;63;107;2934
;13049;Lamanon;294;4;3;466;95;240;104;125;29;7;0;24;32;1423
;13050;Lambesc;1377;26;17;1713;446;1018;481;531;117;28;0;57;177;5989
;13051;Lançon-Provence;1244;16;11;2001;370;1082;415;544;110;32;3;83;164;6076
;13052;Maillane;390;4;4;487;99;252;122;145;32;6;0;20;50;1611
;13053;Mallemort;796;13;5;1320;270;737;307;386;98;25;1;72;113;4143
;13054;Marignane;4347;71;62;6920;1275;4079;1395;2068;416;71;2;199;398;21303
;13055;Marseille sans arrdt;20;0;0;13;52;49;69;67;9;0;0;3;3;285
;13056;Martigues;6057;99;27;7960;1969;5323;2182;2730;616;84;4;337;573;27961
;13057;Mas-Blanc-des-Alpilles;66;0;0;124;18;55;19;36;7;2;0;4;16;347
;13058;Maussane-les-Alpilles;435;3;9;523;123;242;115;126;32;14;1;25;65;1713
;13059;Meyrargues;464;10;5;646;165;433;181;226;47;19;2;29;54;2280
;13060;Meyreuil;1016;8;21;1699;283;693;285;344;67;45;0;54;98;4613
;13061;Saint-Pierre-de-Mézoargues;34;1;1;49;7;20;16;12;6;0;0;5;7;158
;13062;Mimet;705;18;5;1086;194;575;228;284;52;20;0;36;85;3288
;13063;Miramas;2555;54;6;3490;858;3100;1115;1879;522;31;3;302;353;14268
;13064;Mollégès;368;2;1;509;104;275;101;161;47;10;0;31;59;1668
;13065;Mouriès;433;6;2;742;124;436;180;210;80;9;0;42;77;2341
;13066;Noves;766;10;5;998;225;574;269;312;99;22;2;74;108;3466
;13067;Orgon;446;4;3;585;80;337;125;212;68;6;0;46;76;1989
;13068;Paradou;329;2;4;455;86;217;97;94;21;7;1;11;61;1386
;13069;Pélissanne;1690;26;18;2007;517;1184;533;480;100;40;3;79;168;6844
;13070;La Penne-sur-Huveaune;975;13;9;994;323;667;354;363;78;17;0;39;78;3909
;13071;Les Pennes-Mirabeau;3404;36;21;4533;977;2605;977;1199;255;77;5;161;310;14562
;13072;Peynier;515;13;4;711;173;406;189;186;34;18;0;37;86;2370
;13073;Peypin;841;12;7;1254;256;726;267;342;74;22;2;62;109;3975
;13074;Peyrolles-en-Provence;570;18;5;989;168;671;229;328;72;19;3;40;88;3201
;13075;Plan-de-Cuques;2265;22;7;1693;683;988;577;452;77;29;3;71;173;7040
;13076;Plan-d'Orgon;415;6;5;737;132;411;162;240;63;17;0;32;66;2286
;13077;Port-de-Bouc;1506;16;6;2597;478;2057;700;1221;323;26;1;150;186;9268
;13078;Port-Saint-Louis-du-Rhône;733;22;1;1522;258;1036;366;607;175;14;0;104;107;4946
;13079;Puyloubier;225;4;0;294;77;187;88;91;23;5;0;19;25;1039
;13080;Le Puy-Sainte-Réparade;738;15;8;1045;259;560;270;272;68;22;1;46;85;3389
;13081;Rognac;1666;24;4;2622;478;1559;613;742;163;25;1;90;158;8145
;13082;Rognes;667;17;7;931;239;566;305;278;64;29;1;64;134;3302
;13083;Rognonas;631;7;5;767;201;421;221;219;65;6;2;34;89;2670
;13084;La Roque-d'Anthéron;545;15;4;835;144;547;212;284;77;17;1;48;92;2820
;13085;Roquefort-la-Bédoule;897;18;11;1124;264;586;294;339;72;20;1;34;92;3752
;13086;Roquevaire;1453;15;9;1708;479;1003;515;516;119;42;1;91;215;6166
;13087;Rousset;805;11;16;1214;212;548;209;261;60;24;0;24;69;3451
;13088;Le Rove;736;5;6;1121;245;652;234;292;70;16;2;31;47;3455
;13089;Saint-Andiol;387;10;2;622;118;403;172;252;66;10;0;41;73;2155
;13090;Saint-Antonin-sur-Bayon;27;0;0;44;9;16;11;4;2;0;0;3;0;117
;13091;Saint-Cannat;929;10;9;1223;266;675;312;318;82;24;0;57;104;4009
;13092;Saint-Chamas;1085;24;5;1524;371;1018;444;540;102;27;4;89;142;5375
;13093;Saint-Estève-Janson;53;1;0;81;11;41;23;20;7;0;0;3;9;249
;13094;Saint-Étienne-du-Grès;352;3;3;1383;119;257;139;136;42;17;0;23;50;2525
;13095;Saint-Marc-Jaumegarde;253;4;7;219;103;88;61;34;5;21;0;6;35;834
;13096;Saintes-Maries-de-la-Mer;352;0;4;563;102;302;141;189;57;9;0;27;45;1789
;13097;Saint-Martin-de-Crau;1871;36;4;2812;499;1659;590;864;246;36;2;144;220;8982
;13098;Saint-Mitre-les-Remparts;904;18;8;1204;282;765;321;371;100;16;0;69;99;4158
;13099;Saint-Paul-lès-Durance;207;0;1;275;30;108;47;62;19;66;0;14;35;863
;13100;Saint-Rémy-de-Provence;1808;32;25;2144;543;1094;626;539;176;49;3;95;294;7428
;13101;Saint-Savournin;477;8;2;745;163;407;158;164;37;16;0;25;64;2265
;13102;Saint-Victoret;1055;10;12;1810;262;845;313;446;92;31;1;53;88;5019
;13103;Salon-de-Provence;6634;101;43;7865;1954;4736;2205;2425;580;101;8;285;608;27545
;13104;Sausset-les-Pins;1512;15;7;1748;433;807;392;370;75;29;3;35;94;5519
;13105;Sénas;742;17;6;1268;238;842;296;467;135;12;2;73;137;4235
;13106;Septèmes-les-Vallons;1416;21;8;1832;480;1275;531;685;149;20;0;69;144;6632
;13107;Simiane-Collongue;965;10;11;1134;308;627;264;339;52;29;1;44;82;3866
;13108;Tarascon;1239;21;3;1977;409;1572;618;1090;312;14;0;197;228;7680
;13109;Le Tholonet;495;4;12;499;160;238;139;97;25;20;1;15;51;1755
;13110;Trets;1435;33;11;1967;436;1322;544;666;163;25;0;129;183;6915
;13111;Vauvenargues;183;5;2;159;41;88;40;53;9;4;1;8;35;628
;13112;Velaux;1410;16;14;2024;433;1105;447;496;102;47;1;69;184;6348
;13113;Venelles;1633;25;16;1761;507;952;517;399;96;42;1;55;160;6164
;13114;Ventabren;1101;8;12;1224;332;577;271;255;53;38;0;38;117;4026
;13115;Vernègues;246;6;4;374;64;228;91;130;32;3;0;17;38;1234
;13116;Verquières;96;1;0;164;37;85;32;67;15;2;0;11;20;529
;13117;Vitrolles;4651;109;36;7594;1311;4253;1343;2211;429;97;7;212;324;22577
;13118;Coudoux;614;4;1;758;175;396;152;164;35;17;0;27;53;2396
;13119;Carnoux-en-Provence;1187;20;5;1271;383;741;393;326;60;24;2;44;107;4562
;13201;Marseille 1er Arrondissement;1899;31;39;2277;802;1667;1030;1098;265;32;1;127;308;9578
;13202;Marseille 2e Arrondissement;1887;31;37;2581;655;1445;771;747;180;48;0;72;153;8607
;13203;Marseille 3e Arrondissement;2038;43;5;3518;782;2832;1117;2043;467;95;2;160;234;13335
;13204;Marseille 4e Arrondissement;4500;64;13;3571;1792;3182;2032;1642;317;50;4;161;519;17844
;13205;Marseille 5e Arrondissement;3636;57;18;2672;1518;2411;1809;1234;254;19;1;134;445;14208
;13206;Marseille 6e Arrondissement;4637;41;53;3916;1592;2112;1562;983;211;51;2;110;430;15700
;13207;Marseille 7e Arrondissement;5626;50;55;3340;1841;2049;1507;872;169;116;5;102;479;16212
;13208;Marseille 8e Arrondissement;16284;103;143;11742;4242;4999;3767;2172;408;205;7;193;919;45184
;13209;Marseille 9e Arrondissement;11762;118;66;9507;3759;5147;3383;2331;419;136;9;209;775;37622
;13210;Marseille 10e Arrondissement;7478;77;24;6967;2379;4337;2316;2036;390;115;4;195;529;26846
;13211;Marseille 11e Arrondissement;8814;91;53;8109;2603;5074;2625;2574;498;126;4;255;604;31429
;13212;Marseille 12e Arrondissement;10728;104;61;7833;3374;4778;2912;2017;392;118;5;241;814;33379
;13213;Marseille 13e Arrondissement;9577;102;37;9848;3207;7329;3530;3925;794;100;5;377;812;39644
;13214;Marseille 14e Arrondissement;4500;36;38;6942;1657;5356;1792;2985;606;40;1;237;366;24557
;13215;Marseille 15e Arrondissement;3591;74;31;7538;1457;6620;2127;4022;891;58;4;373;483;27269
;13216;Marseille 16e Arrondissement;1820;39;43;3929;627;1914;726;1134;258;47;0;155;183;10873
;ND;ND;58;0;3;63;13;39;14;21;1;0;0;1;5;218
;Total département;;269323;3662;2216;317444;84035;189643;89615;97522;21964;5337;257;12346;26507;1119871
Var;83001;Les Adrets-de-l'Estérel;450;11;9;555;146;262;180;172;36;19;2;30;68;1941
;83002;Aiguines;28;0;0;27;6;25;16;18;9;1;0;7;5;143
;83003;Ampus;125;5;1;128;36;89;76;61;28;2;0;22;29;603
;83004;Les Arcs;1116;11;7;1310;340;758;455;510;132;14;3;74;168;4900
;83005;Artignosc-sur-Verdon;35;0;1;47;15;47;20;33;12;0;0;5;8;224
;83006;Artigues;27;1;0;53;7;39;11;23;10;2;0;3;9;186
;83007;Aups;257;4;2;342;109;206;155;146;56;4;0;51;88;1419
;83008;Bagnols-en-Forêt;402;9;4;516;167;294;199;187;32;4;1;27;99;1939
;83009;Bandol;2163;21;20;1578;681;889;763;441;87;30;2;61;250;6986
;83010;Bargème;10;0;1;18;4;11;12;9;9;0;0;1;3;79
;83011;Bargemon;186;0;3;205;81;156;121;114;45;5;0;25;56;997
;83012;Barjols;265;5;1;516;108;399;197;234;61;4;1;56;90;1937
;83013;La Bastide;19;0;0;32;10;19;8;16;11;0;0;5;5;125
;83014;Baudinard-sur-Verdon;30;1;1;27;8;21;16;14;8;1;0;2;7;137
;83015;Bauduen;34;1;0;41;10;30;25;32;11;0;1;8;12;205
;83016;Le Beausset;1652;18;13;1790;509;1124;630;579;122;10;4;95;204;6750
;83017;Belgentier;310;6;2;374;114;294;138;150;37;5;0;27;43;1500
;83018;Besse-sur-Issole;347;12;0;549;135;351;200;231;67;8;2;40;107;2047
;83019;Bormes-les-Mimosas;1755;14;21;1410;567;829;769;398;124;19;4;81;315;6306
;83020;Le Bourguet;4;0;1;3;2;3;3;1;0;0;0;1;3;21
;83021;Bras;299;7;1;436;98;333;150;220;64;3;0;40;72;1722
;83022;Brenon;3;0;0;3;0;3;1;3;0;0;0;0;0;13
;83023;Brignoles;2177;44;11;3108;628;1878;940;1190;296;52;2;165;350;10842
;83025;Brue-Auriac;134;4;1;258;45;171;79;96;32;1;0;15;39;875
;83026;Cabasse;192;4;1;304;70;221;123;140;51;6;0;33;59;1204
;83027;La Cadière-d'Azur;991;15;18;1219;324;569;376;298;66;22;1;54;138;4091
;83028;Callas;248;7;0;301;85;204;148;131;44;7;0;38;57;1269
;83029;Callian;506;8;10;673;212;375;278;204;83;13;0;44;103;2508
;83030;Camps-la-Source;226;4;1;365;77;235;111;101;34;3;0;31;47;1235
;83031;Le Cannet-des-Maures;545;11;7;925;202;573;252;305;80;18;1;89;118;3126
;83032;Carcès;451;6;1;525;150;362;209;256;78;5;0;55;77;2176
;83033;Carnoules;369;3;1;619;148;441;217;302;77;4;3;57;86;2327
;83034;Carqueiranne;2097;12;13;1710;745;942;771;502;106;38;5;93;268;7303
;83035;Le Castellet;829;9;5;965;259;614;362;317;76;16;2;59;149;3661
;83036;Cavalaire-sur-Mer;1554;9;17;1105;551;631;607;358;87;18;0;53;243;5233
;83037;La Celle;206;1;2;237;54;172;71;102;32;3;0;16;29;927
;83038;Châteaudouble;36;3;0;71;24;48;32;33;13;0;1;10;22;293
;83039;Châteauvert;16;0;0;29;4;16;7;12;1;2;0;4;6;97
;83040;Châteauvieux;8;0;0;16;1;6;6;7;2;0;0;1;0;48
;83041;Claviers;62;1;2;94;37;58;49;59;14;1;0;11;35;424
;83042;Cogolin;1846;20;11;1542;679;1130;766;704;190;24;2;91;284;7289
;83043;Collobrières;206;4;0;303;70;193;104;160;45;0;0;35;60;1181
;83044;Comps-sur-Artuby;16;0;0;58;7;24;20;16;8;0;0;6;13;167
;83045;Correns;70;6;0;131;40;104;65;65;20;1;0;12;34;550
;83046;Cotignac;282;5;4;389;109;272;225;164;47;9;1;40;88;1635
;83047;La Crau;3335;42;21;3125;1092;2092;1231;1041;260;30;2;145;349;12765
;83048;La Croix-Valmer;791;7;9;599;263;379;315;190;42;12;2;25;124;2758
;83049;Cuers;1689;15;15;2138;525;1428;691;787;192;25;3;123;223;7855
;83050;Draguignan;5732;79;25;6256;1889;4057;2219;2280;490;66;11;311;731;24146
;83051;Entrecasteaux;146;2;0;189;57;114;89;81;34;2;0;25;53;792
;83052;Esparron;27;4;0;52;10;41;18;29;8;1;0;4;12;207
;83053;Évenos;428;6;3;462;131;253;142;120;27;2;1;43;57;1675
;83054;La Farlède;1767;10;11;1726;491;956;510;499;111;16;2;64;164;6327
;83055;Fayence;860;12;2;1023;329;658;441;393;118;26;2;77;222;4162
;83056;Figanières;383;8;1;470;133;282;186;168;54;4;0;34;97;1818
;83057;Flassans-sur-Issole;425;9;3;609;114;408;179;247;69;7;0;37;83;2189
;83058;Flayosc;748;10;4;742;259;512;302;279;66;12;2;59;141;3137
;83059;Forcalqueiret;329;1;2;582;116;345;203;227;35;11;0;41;52;1945
;83060;Fox-Amphoux;34;2;0;80;17;49;28;43;14;0;0;14;16;297
;83061;Fréjus;10995;94;81;9158;3092;5123;3485;2870;653;138;5;370;954;37017
;83062;La Garde;4861;43;38;4308;1555;2488;1613;1244;305;61;2;166;419;17103
;83063;La Garde-Freinet;293;4;2;292;120;192;169;137;35;7;1;19;70;1341
;83064;Garéoult;859;9;6;1167;271;645;323;377;99;27;0;49;119;3951
;83065;Gassin;681;2;9;505;271;273;204;156;35;8;1;21;101;2268
;83066;Ginasservis;178;6;2;311;64;190;87;126;41;8;0;28;57;1098
;83067;Gonfaron;480;9;0;664;148;468;259;313;68;3;1;69;129;2612
;83068;Grimaud;1171;5;26;969;399;503;460;267;67;27;4;58;235;4192
;83069;Hyères;9631;80;69;7447;3281;5128;3762;2968;755;122;14;398;1118;34773
;83070;Le Lavandou;1191;4;12;848;438;540;533;365;89;18;6;63;212;4319
;83071;La Londe-les-Maures;1971;17;16;1851;631;1095;768;636;153;22;3;121;239;7523
;83072;Lorgues;1445;18;12;1578;517;1030;686;586;148;14;3;98;247;6383
;83073;Le Luc;1233;20;3;1591;404;1139;556;705;197;9;3;121;235;6216
;83074;La Martre;22;0;0;35;6;16;9;22;6;0;0;5;7;128
;83075;Les Mayons;93;2;0;87;33;60;50;47;17;0;2;11;17;420
;83076;Mazaugues;83;3;0;147;31;95;46;61;18;2;1;13;15;514
;83077;Méounes-lès-Montrieux;258;2;4;419;97;274;133;166;34;5;1;28;47;1469
;83078;Moissac-Bellevue;51;2;0;58;20;30;22;18;6;0;0;3;13;224
;83079;La Môle;203;3;2;254;81;136;86;94;25;6;1;9;32;933
;83080;Mons;130;4;1;148;47;105;80;71;25;3;1;35;33;684
;83081;Montauroux;940;14;21;1318;359;678;452;394;93;34;4;60;192;4559
;83082;Montferrat;80;0;1;112;27;105;33;56;16;0;0;21;28;479
;83083;Montfort-sur-Argens;158;6;0;204;70;149;81;104;23;2;0;17;36;850
;83084;Montmeyan;49;1;0;75;22;76;34;61;22;0;1;18;23;382
;83085;La Motte;476;5;8;540;154;334;200;167;43;8;1;44;104;2084
;83086;Le Muy;1117;22;9;1603;422;1078;568;703;185;15;0;145;191;6058
;83087;Nans-les-Pins;632;12;3;1003;166;547;219;251;52;16;0;52;90;3044
;83088;Néoules;342;6;3;532;112;332;151;190;66;8;1;24;62;1829
;83089;Ollières;88;2;1;107;18;74;26;48;11;1;0;7;20;404
;83090;Ollioules;2720;26;22;2325;781;1420;919;717;189;41;5;103;252;9521
;83091;Pierrefeu-du-Var;829;10;4;1099;253;697;330;389;90;14;0;56;133;3902
;83092;Pignans;422;10;2;728;154;509;214;336;76;9;1;63;100;2624
;83093;Plan-d'Aups-Sainte-Baume;226;5;0;407;79;256;94;125;42;4;0;28;35;1300
;83094;Le Plan-de-la-Tour;539;5;2;536;184;315;256;180;41;9;1;33;114;2215
;83095;Pontevès;73;0;1;135;36;95;47;63;28;0;0;27;29;535
;83096;Pourcieux;155;5;1;312;60;217;73;106;24;3;0;18;25;1000
;83097;Pourrières;653;16;2;1159;258;680;266;339;88;13;1;79;93;3646
;83098;Le Pradet;2183;22;15;1563;783;1060;801;562;136;28;1;102;246;7502
;83099;Puget-sur-Argens;1847;7;17;1916;441;856;472;469;103;24;1;59;157;6369
;83100;Puget-Ville;537;8;0;749;169;520;230;254;68;6;1;49;86;2677
;83101;Ramatuelle;579;2;6;423;202;206;228;144;35;7;3;28;138;2001
;83102;Régusse;336;5;2;431;90;294;166;160;50;1;0;37;69;1642
;83103;Le Revest-les-Eaux;691;14;2;623;232;414;254;204;59;7;0;38;57;2594
;83104;Rians;461;14;3;798;139;621;262;332;89;6;1;65;99;2892
;83105;Riboux;6;0;0;2;1;6;0;0;1;0;0;1;4;20
;83106;Rocbaron;616;12;4;1047;201;659;257;339;86;16;1;41;83;3363
;83107;Roquebrune-sur-Argens;3078;40;33;3473;1047;1722;1146;872;211;45;5;142;474;12287
;83108;La Roquebrussanne;320;5;5;427;119;284;135;181;44;4;0;35;75;1635
;83109;La Roque-Esclapon;25;0;0;39;9;27;10;20;9;0;0;7;9;157
;83110;Rougiers;168;7;1;298;46;189;83;109;29;1;0;14;45;989
;83111;Sainte-Anastasie-sur-Issole;272;6;3;368;80;266;138;147;30;4;0;21;55;1391
;83112;Saint-Cyr-sur-Mer;2462;25;22;2533;740;1448;775;621;125;34;1;80;265;9131
;83113;Saint-Julien;222;6;1;417;54;298;128;206;72;8;1;61;64;1538
;83114;Saint-Martin-de-Pallières;18;4;0;41;4;34;10;23;7;0;0;10;11;163
;83115;Sainte-Maxime;3050;28;29;2427;1024;1284;1117;629;143;49;7;83;359;10229
;83116;Saint-Maximin-la-Sainte-Baume;2185;59;16;3484;743;2229;925;1170;306;37;6;173;349;11681
;83117;Saint-Paul-en-Forêt;231;2;1;278;99;201;138;133;48;1;1;24;58;1216
;83118;Saint-Raphaël;9174;64;87;5737;2582;3092;2754;1530;328;100;9;154;810;26421
;83119;Saint-Tropez;1210;7;29;834;373;299;407;168;28;23;4;30;208;3620
;83120;Saint-Zacharie;745;8;7;1076;233;659;271;333;66;17;1;50;98;3566
;83121;Salernes;539;8;7;608;187;479;334;287;101;15;0;85;185;2836
;83122;Les Salles-sur-Verdon;36;0;0;38;8;30;21;17;10;0;0;5;9;175
;83123;Sanary-sur-Mer;3938;38;34;2755;1234;1573;1274;771;157;35;4;116;395;12324
;83124;Seillans;377;2;2;405;164;270;241;186;48;4;0;50;113;1861
;83125;Seillons-Source-d'Argens;260;5;1;486;80;328;122;184;45;4;1;29;43;1589
;83126;La Seyne-sur-Mer;10365;132;40;8289;3383;5989;3877;3308;716;91;8;374;946;37517
;83127;Signes;404;8;4;715;127;367;177;240;71;7;0;40;67;2228
;83128;Sillans-la-Cascade;111;3;0;111;34;75;48;59;13;1;0;12;17;486
;83129;Six-Fours-les-Plages;7481;67;53;6016;2430;3707;2560;1835;403;80;10;265;722;25630
;83130;Solliès-Pont;1773;22;7;2091;579;1456;740;753;187;26;1;96;229;7960
;83131;Solliès-Toucas;878;13;3;1049;271;715;329;349;92;11;2;47;121;3879
;83132;Solliès-Ville;468;5;4;464;149;304;164;132;28;13;0;19;43;1794
;83133;Tanneron;259;5;3;277;117;170;108;95;24;2;0;22;50;1133
;83134;Taradeau;273;4;2;330;96;215;108;122;29;7;1;11;42;1241
;83135;Tavernes;131;2;1;250;50;149;91;129;28;5;0;35;31;903
;83136;Le Thoronet;322;5;2;453;118;281;180;195;52;6;1;30;76;1721
;83137;Toulon;22725;259;112;17608;8224;13669;9290;7456;1686;228;10;836;2294;84396
;83138;Tourrettes;474;7;9;563;174;334;258;239;70;11;1;42;108;2290
;83139;Tourtour;121;0;1;113;40;76;60;51;11;2;0;9;22;506
;83140;Tourves;542;13;1;859;195;637;312;421;102;21;0;73;138;3314
;83141;Trans-en-Provence;1165;20;5;1302;301;676;404;364;83;11;1;61;121;4513
;83142;Trigance;14;1;0;21;9;20;13;16;7;0;0;6;8;114
;83143;Le Val;550;13;5;767;189;495;240;296;92;6;2;52;94;2801
;83144;La Valette-du-Var;5188;42;31;4249;1443;2223;1392;1093;245;62;2;129;347;16445
;83145;Varages;111;1;0;195;41;160;82;112;31;1;0;34;31;798
;83146;La Verdière;199;6;2;308;63;201;90;144;54;3;0;45;51;1166
;83147;Vérignon;1;0;0;0;0;0;0;2;2;0;0;1;0;6
;83148;Vidauban;1431;31;8;1963;464;1367;648;781;196;19;2;125;267;7303
;83149;Villecroze;186;3;1;253;71;155;109;106;21;0;0;30;59;994
;83150;Vinon-sur-Verdon;480;5;4;841;172;530;228;260;66;9;1;53;82;2732
;83151;Vins-sur-Caramy;96;2;0;140;39;93;53;48;15;1;0;18;14;518
;83152;Rayol-Canadel-sur-Mer;167;0;1;143;60;73;71;54;13;4;2;12;40;640
;83153;Saint-Mandrier-sur-Mer;911;9;8;641;323;442;407;232;53;7;0;43;101;3176
;83154;Saint-Antonin-du-Var;94;0;3;132;48;91;60;49;21;2;0;10;46;556
;ND;ND;150;0;3;182;42;78;35;33;7;5;0;7;6;548
;Total département;;177245;2062;1292;170597;58099;108185;68645;59985;14683;2360;224;9285;22831;695492
Vaucluse;84001;Althen-des-Paluds;393;5;6;564;105;323;135;157;35;6;0;19;51;1800
;84002;Ansouis;125;5;4;188;45;147;75;80;18;3;0;15;31;737
;84003;Apt;1269;36;11;1451;422;1188;683;769;250;21;7;182;308;6596
;84004;Aubignan;671;14;5;1034;186;670;273;372;86;10;1;70;110;3501
;84005;Aurel;16;0;0;33;7;21;10;19;3;0;0;2;13;125
;84006;Auribeau;6;1;0;9;3;3;3;1;1;0;0;1;3;31
;84007;Avignon;11321;192;106;13638;3537;9347;4305;5779;1382;223;27;807;1148;51812
;84008;Le Barroux;105;3;2;110;23;72;36;42;8;1;0;10;14;426
;84009;La Bastide-des-Jourdans;166;7;0;292;52;175;84;88;25;5;0;28;36;958
;84010;La Bastidonne;127;3;1;164;33;102;48;41;16;6;0;10;12;564
;84011;Le Beaucet;47;2;3;56;17;45;35;27;5;1;0;3;14;255
;84012;Beaumes-de-Venise;300;4;2;431;100;286;113;173;43;3;0;22;49;1526
;84013;Beaumettes;35;1;1;52;11;28;18;13;8;1;0;3;12;183
;84014;Beaumont-de-Pertuis;97;3;2;196;48;144;82;103;20;1;0;21;27;744
;84015;Beaumont-du-Ventoux;22;2;0;50;9;41;14;23;8;0;0;4;15;188
;84016;Bédarrides;707;7;3;954;210;628;266;348;87;10;2;48;98;3366
;84017;Bédoin;449;8;1;570;129;368;206;209;62;7;0;61;137;2207
;84018;Blauvac;57;2;0;79;19;61;26;42;16;0;0;11;18;330
;84019;Bollène;1536;34;14;2494;431;1736;656;1116;343;25;2;186;254;8826
;84020;Bonnieux;185;4;4;259;83;148;110;113;33;5;0;28;72;1045
;84021;Brantes;10;0;0;11;2;5;9;3;3;0;0;2;4;49
;84022;Buisson;31;0;0;52;18;40;13;26;4;1;0;4;9;198
;84023;Buoux;14;2;1;15;5;12;4;9;3;0;0;8;6;79
;84024;Cabrières-d'Aigues;113;1;0;187;37;110;51;53;18;6;1;7;20;604
;84025;Cabrières-d'Avignon;303;1;1;348;79;228;109;95;29;9;1;18;71;1292
;84026;Cadenet;534;11;5;707;199;468;242;269;72;7;0;46;115;2676
;84027;Caderousse;274;5;3;507;115;316;129;196;44;6;1;29;72;1696
;84028;Cairanne;117;5;2;226;42;149;55;83;18;2;1;12;45;755
;84029;Camaret-sur-Aigues;555;11;4;901;169;547;263;310;81;4;2;55;126;3027
;84030;Caromb;427;9;3;643;130;389;175;238;67;2;2;42;103;2231
;84031;Carpentras;3449;69;19;4279;1061;3220;1425;2086;589;72;6;395;519;17189
;84032;Caseneuve;60;1;0;75;33;50;28;43;12;0;0;18;19;339
;84033;Castellet-en-Luberon;2;2;0;12;2;14;10;17;8;0;0;7;4;77
;84034;Caumont-sur-Durance;733;3;3;959;206;543;253;315;62;15;2;44;100;3238
;84035;Cavaillon;3532;35;38;5001;889;2907;1232;1938;620;70;6;374;480;17122
;84036;Châteauneuf-de-Gadagne;611;9;4;656;182;346;187;181;40;8;1;29;78;2334
;84037;Châteauneuf-du-Pape;271;4;3;429;70;230;79;143;25;2;1;27;43;1328
;84038;Cheval-Blanc;620;8;2;907;160;528;256;252;74;8;3;46;112;2977
;84039;Courthézon;648;13;3;1010;213;739;295;422;98;9;1;59;112;3622
;84040;Crestet;48;0;0;85;27;56;30;39;11;0;0;7;16;318
;84041;Crillon-le-Brave;59;1;1;95;32;64;31;37;6;3;1;7;29;366
;84042;Cucuron;220;3;3;341;92;217;139;131;36;2;0;31;64;1281
;84043;Entraigues-sur-la-Sorgue;1086;19;5;1564;356;1026;466;526;125;12;3;61;133;5382
;84044;Entrechaux;136;3;0;169;42;133;81;90;31;0;0;22;59;767
;84045;Faucon;58;2;0;78;17;38;16;30;13;0;0;6;15;273
;84046;Flassan;56;3;0;84;15;62;20;38;9;1;0;9;13;311
;84047;Gargas;461;7;3;551;134;363;198;212;53;4;3;39;103;2132
;84048;Gignac;9;0;0;9;2;3;2;5;5;1;0;0;1;37
;84049;Gigondas;61;0;1;125;24;46;30;42;19;1;1;13;27;391
;84050;Gordes;395;5;11;393;109;204;147;139;51;8;0;31;127;1619
;84051;Goult;198;1;1;222;55;123;80;76;23;1;0;20;35;836
;84052;Grambois;146;3;0;214;65;129;88;93;20;2;0;22;33;816
;84053;Grillon;207;5;1;299;65;225;98;135;39;5;0;37;61;1176
;84054;L'Isle-sur-la-Sorgue;3061;40;21;3303;870;2121;1083;1154;293;34;6;207;434;12627
;84055;Jonquerettes;300;3;2;309;63;155;77;73;14;3;1;16;26;1042
;84056;Jonquières;525;9;3;889;214;626;263;339;87;8;1;70;114;3147
;84057;Joucas;53;1;0;55;25;48;23;14;6;3;0;6;22;256
;84058;Lacoste;62;1;0;70;29;46;38;30;14;1;0;10;24;326
;84059;Lafare;12;1;0;22;8;16;6;9;4;0;0;0;3;81
;84060;Lagarde-d'Apt;6;1;1;0;1;5;3;2;2;0;0;1;1;23
;84061;Lagarde-Paréol;36;0;0;89;15;40;18;17;6;2;0;5;9;238
;84062;Lagnes;296;2;2;330;75;190;92;78;34;10;0;15;49;1174
;84063;Lamotte-du-Rhône;40;0;0;74;11;49;22;34;7;0;0;9;8;255
;84064;Lapalud;351;5;0;629;124;471;166;298;78;7;1;38;70;2239
;84065;Lauris;538;6;5;688;176;439;236;253;65;8;1;37;95;2548
;84066;Lioux;44;2;0;48;4;28;15;17;9;2;0;7;15;191
;84067;Loriol-du-Comtat;312;4;1;463;97;312;131;162;48;4;1;41;72;1649
;84068;Lourmarin;183;0;0;185;80;137;114;65;16;4;0;16;46;847
;84069;Malaucène;305;7;1;405;112;347;183;222;67;2;2;47;106;1806
;84070;Malemort-du-Comtat;179;1;1;306;68;232;93;119;32;3;1;30;64;1130
;84071;Maubec;356;8;1;443;76;239;115;113;29;11;0;18;45;1455
;84072;Mazan;773;16;8;1191;258;715;380;446;113;17;1;84;177;4177
;84073;Ménerbes;144;0;5;206;50;104;84;74;16;2;1;16;37;740
;84074;Mérindol;258;6;3;390;95;266;112;162;37;7;1;35;41;1413
;84075;Méthamis;41;1;0;70;17;66;25;30;11;2;1;9;12;286
;84076;Mirabeau;150;4;4;237;63;154;79;77;21;3;0;19;22;833
;84077;Modène;68;1;0;85;13;42;23;26;7;1;1;8;13;289
;84078;Mondragon;359;9;4;693;115;468;176;328;78;10;3;61;99;2402
;84079;Monieux;30;0;0;45;12;32;14;27;9;1;0;10;12;192
;84080;Monteux;1440;23;12;2203;443;1411;561;822;198;16;3;144;233;7508
;84081;Morières-lès-Avignon;1400;24;9;1567;426;949;450;447;104;9;4;54;129;5574
;84082;Mormoiron;208;4;2;300;73;236;112;153;45;2;0;41;52;1227
;84083;Mornas;273;13;2;496;81;310;122;185;51;4;2;26;57;1621
;84084;La Motte-d'Aigues;150;2;2;258;56;190;67;80;18;7;0;12;38;882
;84085;Murs;66;4;1;63;23;37;28;19;14;2;0;4;21;281
;84086;Oppède;216;3;4;237;60;162;95;73;22;1;0;18;56;947
;84087;Orange;3967;68;39;5109;1118;3389;1517;2064;541;86;7;289;557;18751
;84088;Pernes-les-Fontaines;1701;25;20;2256;439;1286;597;706;176;23;1;128;295;7652
;84089;Pertuis;2819;39;28;3661;861;2443;1117;1265;310;34;5;163;369;13114
;84090;Peypin-d'Aigues;70;2;1;115;27;77;44;59;13;2;0;15;8;433
;84091;Piolenc;555;9;5;1004;209;662;272;374;95;8;0;52;115;3359
;84092;Le Pontet;2076;28;25;2579;676;1904;805;1142;275;20;0;127;211;9869
;84093;Puget;125;0;5;155;39;80;58;30;12;1;0;10;37;552
;84094;Puyméras;69;0;0;105;27;62;30;39;14;3;0;9;26;384
;84095;Puyvert;125;2;3;153;39;101;60;37;20;5;2;24;30;601
;84096;Rasteau;95;2;2;163;33;88;39;56;16;2;0;7;15;517
;84097;Richerenches;70;1;0;141;21;82;27;44;17;1;0;13;15;433
;84098;Roaix;73;4;0;122;24;77;40;53;19;2;0;10;17;440
;84099;Robion;700;15;5;826;190;506;265;253;67;7;1;47;126;3009
;84100;La Roque-Alric;6;2;1;13;2;5;6;8;2;0;0;0;6;51
;84101;La Roque-sur-Pernes;67;0;0;75;17;55;29;22;11;1;0;8;15;300
;84102;Roussillon;229;6;0;236;75;166;121;76;28;6;2;18;72;1034
;84103;Rustrel;78;3;0;112;45;79;54;53;14;0;1;17;27;483
;84104;Sablet;158;5;1;274;50;157;68;84;22;7;1;24;50;902
;84105;Saignon;135;0;1;178;44;113;90;74;27;1;1;17;40;721
;84106;Sainte-Cécile-les-Vignes;318;4;4;500;75;302;104;169;40;4;1;33;47;1600
;84107;Saint-Christol;58;1;0;147;29;108;47;67;22;1;0;13;17;510
;84108;Saint-Didier;349;3;3;390;101;228;117;106;35;7;2;16;41;1398
;84109;Saint-Hippolyte-le-Graveyron;16;0;0;28;13;26;18;10;4;1;0;2;10;127
;84110;Saint-Léger-du-Ventoux;0;0;0;7;3;2;2;5;3;0;0;1;1;24
;84111;Saint-Marcellin-lès-Vaison;50;0;0;69;12;23;20;26;5;3;0;7;21;236
;84112;Saint-Martin-de-Castillon;82;2;0;96;30;85;62;50;25;1;1;26;31;491
;84113;Saint-Martin-de-la-Brasque;84;3;2;136;29;111;64;56;19;1;0;9;26;541
;84114;Saint-Pantaléon;26;1;0;36;8;22;8;14;4;0;0;3;9;132
;84115;Saint-Pierre-de-Vassols;73;1;0;90;12;64;32;36;13;2;0;5;17;345
;84116;Saint-Romain-en-Viennois;119;1;0;168;46;106;30;53;22;1;1;10;21;578
;84117;Saint-Roman-de-Malegarde;35;0;0;69;11;36;16;29;11;0;0;3;9;220
;84118;Saint-Saturnin-lès-Apt;462;9;2;568;138;351;235;193;53;6;2;46;128;2195
;84119;Saint-Saturnin-lès-Avignon;850;11;7;947;237;505;233;234;51;12;1;27;92;3206
;84120;Saint-Trinit;14;0;0;19;5;24;7;7;2;0;0;6;5;90
;84121;Sannes;29;1;0;51;3;32;10;13;7;1;0;6;3;157
;84122;Sarrians;623;16;7;1017;209;742;308;429;142;11;2;74;148;3730
;84123;Sault;107;3;2;221;48;141;87;96;33;1;0;34;77;849
;84124;Saumane-de-Vaucluse;133;2;0;205;36;75;56;58;14;3;0;8;35;624
;84125;Savoillan;8;0;0;18;3;6;3;9;2;0;0;2;4;56
;84126;Séguret;97;2;3;150;39;115;45;58;18;2;1;9;25;563
;84127;Sérignan-du-Comtat;351;12;1;507;128;344;135;184;48;5;0;33;72;1821
;84128;Sivergues;3;0;0;8;1;0;5;1;1;1;1;1;0;23
;84129;Sorgues;2127;42;13;3001;700;2306;888;1433;370;24;4;163;323;11395
;84130;Suzette;21;1;0;10;3;18;10;14;4;0;0;3;4;89
;84131;Taillades;369;5;5;413;76;203;113;100;19;8;0;18;57;1385
;84132;Le Thor;1188;20;7;1668;378;976;440;528;135;39;3;77;172;5631
;84133;La Tour-d'Aigues;590;11;2;848;179;548;226;303;64;12;0;58;83;2923
;84134;Travaillan;66;1;1;125;17;72;38;58;11;2;0;10;22;422
;84135;Uchaux;219;3;3;371;60;205;94;103;31;5;1;21;43;1161
;84136;Vacqueyras;148;2;0;245;37;142;71;87;31;2;0;16;44;825
;84137;Vaison-la-Romaine;858;10;2;1000;271;710;367;394;129;10;2;92;157;4002
;84138;Valréas;1041;20;2;1438;294;1103;494;830;258;8;3;199;257;5947
;84139;Fontaine-de-Vaucluse;88;4;0;85;29;81;53;33;11;1;0;5;20;409
;84140;Vaugines;90;3;2;83;22;62;35;50;17;0;0;13;18;395
;84141;Vedène;1699;31;10;2792;477;1383;582;647;130;22;0;73;195;8043
;84142;Velleron;413;5;3;571;164;367;181;199;47;7;2;39;85;2084
;84143;Venasque;154;2;3;174;59;116;78;62;14;3;0;25;25;716
;84144;Viens;66;2;1;71;23;79;39;61;17;1;1;19;25;405
;84145;Villars;102;3;0;110;40;92;72;50;20;4;1;20;51;565
;84146;Villedieu;67;2;1;85;25;55;25;38;16;2;0;3;21;341
;84147;Villelaure;442;13;1;619;132;424;184;225;60;8;0;38;73;2219
;84148;Villes-sur-Auzon;127;4;0;200;45;150;82;106;46;1;0;28;47;837
;84149;Violès;145;2;2;308;71;220;92;123;34;1;0;24;48;1070
;84150;Visan;211;5;3;371;77;240;123;160;47;3;1;35;60;1335
;84151;Vitrolles-en-Lubéron;31;1;0;38;6;18;8;16;2;1;0;4;6;131
;ND;ND;79;1;0;102;16;63;19;22;1;1;0;4;5;313
;Total département;;72658;1255;604;97585;22311;64121;29625;37716;10081;1210;159;6516;12091;355932
Provence-Alpes-Côte d Azur;;;745851;9842;6068;785351;241773;482760;271835;260392;62038;13012;918;37428;89722;3006992
